{"acc": [0.7819213107098381, 0.8134826432129514, 0.8228080245952677, 0.8280763542963886, 0.8312140021793275, 0.8337143913449564, 0.8370660803237858, 0.8383016811955168, 0.8397707814445828, 0.8403253424657534, 0.8414052770859277, 0.8417020158779577, 0.8421641500622665, 0.8425387219800747, 0.8434921777708593, 0.8444213107098381, 0.8441780821917808, 0.844148894769614, 0.8447812889165629, 0.8455596201743462, 0.8455596201743462, 0.845087756849315, 0.8471941158156912, 0.8459487858032378, 0.8465519925280199, 0.845783390410959, 0.8480210927770859, 0.8468925124533001, 0.8476611145703612, 0.847957853362391], "loss": [0.5991099689499119, 0.5185295466245483, 0.49064826033545533, 0.4738725624134205, 0.4611352827355897, 0.4514577585419786, 0.44399478223643374, 0.43927809874878576, 0.43328346888468616, 0.4306364319627063, 0.4275197078941267, 0.4247708525160701, 0.42287896473220504, 0.42054891790429205, 0.41771561711919897, 0.41615876708768895, 0.41459805204429817, 0.413325917505767, 0.41307232271796407, 0.41219338085873525, 0.40960667983560384, 0.40893333185705383, 0.40609737184678074, 0.40724688438190654, 0.4059978796616846, 0.40477885430560423, 0.40356789440366614, 0.40337613184854, 0.4034026211723778, 0.400903559275955], "val_acc": [0.8004283489096573, 0.8050428348909657, 0.8086059190031153, 0.8077297507788161, 0.8084501557632399, 0.8076908099688473, 0.80827492211838, 0.8077881619937695, 0.8081580996884735, 0.8084890965732088, 0.8070093457943925, 0.804458722741433, 0.8044976635514018, 0.8056853582554517, 0.8062305295950156, 0.8021028037383178, 0.805607476635514, 0.8039135514018692, 0.8047897196261682, 0.8049260124610592, 0.8041082554517134, 0.8029984423676012, 0.8044976635514018, 0.8044781931464174, 0.8026869158878505, 0.8037577881619937, 0.8029595015576324, 0.8007009345794392, 0.8023364485981308, 0.8008761682242991], "val_loss": [0.5418178627292141, 0.5309900354271946, 0.5224822993878409, 0.5181964193030502, 0.5250361948614981, 0.5314748052538828, 0.5306708357626365, 0.5340462235671488, 0.5376220594943796, 0.5396829920508819, 0.5483542295635752, 0.5502989768165032, 0.553551817127914, 0.5533193680691871, 0.5596461659835723, 0.5546736965183497, 0.5534413299019191, 0.5515818607339903, 0.5610532066833215, 0.567876265283708, 0.5546932998102454, 0.5648377053834196, 0.5706776486655133, 0.5760128751860981, 0.5755827961937087, 0.5647826196808974, 0.5810149681387212, 0.5953970901217551, 0.5808923618874249, 0.5903687865284201]}