{"acc": [0.8119357098381071, 0.8556244162515566, 0.8741778876089664, 0.8859404187422167, 0.8943172089041096, 0.9002665784557908, 0.9057246264009963, 0.9112167263387297, 0.914164655977584, 0.9174822929638854, 0.9200215986924035, 0.9233976105230386, 0.9249640021793275, 0.9272454856787049, 0.9291475326899128, 0.9297799268368617, 0.9320273583437111, 0.9331462095267746, 0.9344645080946451, 0.9357828066625156, 0.936264399128269, 0.9381421232876712, 0.9392755681818182, 0.9393485367372354, 0.9407689912826899, 0.9417954156288917, 0.9421553938356164, 0.9430699330635118, 0.9435807129514321, 0.9445293041718555], "loss": [0.5242051079748651, 0.40890833866291887, 0.3602796957351425, 0.3284954896421725, 0.3031546309918564, 0.28636886156251096, 0.27089295594037915, 0.2570895899967482, 0.24722839831571752, 0.2385117338629901, 0.22968028199912313, 0.22146417204479676, 0.21638123813383328, 0.2100074810331402, 0.20534228867558926, 0.2008653284932845, 0.19451490064295981, 0.19099548003685013, 0.1868220529042632, 0.18446106416988622, 0.18177050273026923, 0.17771508333468658, 0.1737666480059957, 0.17265480702785266, 0.16961624587646537, 0.16613777500335453, 0.1658734737205056, 0.16306533509732607, 0.1609294877832948, 0.15900005789650232], "val_acc": [0.8166471962616823, 0.8264992211838006, 0.8301401869158879, 0.8302180685358256, 0.8342873831775701, 0.8324766355140187, 0.8300233644859814, 0.8324182242990654, 0.8337227414330218, 0.8334501557632399, 0.8295755451713396, 0.8304322429906542, 0.8299065420560747, 0.8288551401869159, 0.8305490654205607, 0.8308605919003115, 0.8313084112149532, 0.8304322429906542, 0.8292640186915888, 0.8294587227414331, 0.8296534267912773, 0.8277063862928349, 0.8299065420560747, 0.8272001557632399, 0.8278426791277259, 0.8274922118380063, 0.8270833333333333, 0.8261682242990654, 0.8266355140186916, 0.826888629283489], "val_loss": [0.499587694030963, 0.4866755187590505, 0.48594137233721146, 0.49709766104454184, 0.4868394350672828, 0.5097610261596675, 0.5172162710535239, 0.5268275103579129, 0.5230716886209599, 0.5460694572356354, 0.5397710775697784, 0.5491149252582602, 0.5804389970084021, 0.5572239752728704, 0.5939962060276875, 0.5857581576537924, 0.6088327904034959, 0.5977011046424161, 0.6189388218007051, 0.6222115715214115, 0.6168103032012923, 0.6229071612085035, 0.6516003647557739, 0.6392926578959, 0.6561453476801339, 0.6802591343918991, 0.6979571106080552, 0.6670825258410683, 0.6887580352356877, 0.7035323560432916]}